,Most Representative Message Texts
0,Hier deutschsprachig: 
, das hält man ja nicht im Kopf aus. #KämpftumEuerLand
,#ploetzlichundunerwartet 
, Unerträgliche Aussage ️ ️ @NetzwerkkritischerExperten .
,#Schweiz: Heute über #Genf. 
,"Der Klügere gibt nach? Bist du dir sicher? Corona Maßnahmen, der ewige Angst. Mad in Germany unterstützen"
,Staatsnahe #Medien in der #Schweiz schweigen: #RKIProtokolle des #RKI entschwärzt: Das sollten Sie nicht wissen 
,Endlich wird dieser übergriffigen WHO Saubande der Riegel vorgeschoben 
, Impftote nun plötzlich Hitzetote WICHTIG: Neue Gesetze vom 25. August 2023 gefährden JEDE Aufklärungsarbeit! Darum TEILEN – VERBREITEN – STREUEN – jetzt ist es noch möglich! Video in voller Länge: ABONNIEREN
,AUFDECKUNG DER MILITÄRISCHEN KORRUPTION Es war alles geplant! TREASON VERBRECHEN GEGEN DIE MENSCHLICHKEIT DE Untertitel 
1, Seelenfrieden... 
,Seelenmenschen Gute Laune Mehr Hier 
, Genial den will ich auf für Zeiten der Not 
,Für dich Seelenschönes aus der Natur Mehr für dich @seelengut
,">> Kopf hoch! Sonst wirst du nicht sehen können, wer dir zulächelt.<< Gebt dem Wochenende Einlass, ihr Lieben Abb Netzfund"
,zauberhaften Tagesausklang wünsche ich euch 
," ❀• •❀ Einen traumhaft schönen guten Morgen meine lieben Herzen, Schön~und Freigeister Heute haben wir wirklich alle Hände voll zu tun, mit Genießen, Entspannen, Überraschungen und glücklich sein ! Eine Freude, die Natur mit all ihrer Fülle und Schönheit genießen zu dürfen. Seien wir dankbar für diese wundervolle Schöpfung Habt einen schönen, entspannten und von Licht - und Liebe durchfluteten Tag. @Herzenswahrheiten ❀• •❀ "
," ️ ️ ️ ️ Einen zauberhaften GUTEN MORGEN ️ ihr lieben SeelenLichter 7. PORTALTAG in Folge 9. Februar 2024 ️10/1 ️ NEUMOND im Wassermann NEUSTART ️ aus der EINHEIT heraus ️ ️ ️ ️ BOTSCHAFT aus meinem Herzen ️Wenn du gestern mit der vollkommenen Energie der 9 deinen emotionalen Rucksack wieder aufgeräumt hast, so kannst du heute mit leichterem Gepäck in eine neue Ebene deines Seins durchstarten 1. Denn die freiheitsliebende, idealistische, originelle, ungewöhnliche und erneuernde Schwingung des Wassermanns hilft dir jetzt dabei, dein INNERES nach AUSSEN zu bringen, IDEEN und VISIONEN an die Oberfläche zu befördern und den SINN deines HIERSEINS besser zu verstehen und zu fühlen. ️Das, was FÜR DICH bestimmt ist, was deine wahre BESTIMMUNG ist, fließt jetzt zu dir. Sei bereit und EMPFANGE es. Versuche also nicht mit dem Verstand Etwas erzwingen zu wollen. Sondern sei ACHTSAM, FEINFÜHLIG und NIMM WAHR, wenn plötzlich Etwas in dein Leben hinein purzelt, was eine riesen große CHANCE für dich sein könnte. Denn diese luftig geistige Energie stimmt dich ein auf deine mitgebrachte SEELENAUFGABE, die du doch hier leben und erfüllen wolltest. ️Spüre, dass all das, was du wirklich brauchst, mühelos zu dir strömt, vollkommen UNABHÄNGIG von deinen Gefühlen die du gerade hast und unabhängig von deiner Wahrnehmung. Es braucht nur ein wenig BEWUSSTHEIT und dein FÜHLEN dieser Energie. ÖFFNE dich und dein HERZ für ein NEUES ZEITALTER, denn das Alte hat nun wahrlich ausgedient. Vertraue auf den kosmischen Plan, dass es richtig ist, wie es ist. ️Hab GEDULD mit dir, nimm deinen selbstgemachten DRUCK RAUS, gönne dir immer wieder RUHE und kleine AUSZEITEN, um all deine Loslassprozesse, die einströmenden LichtCodes und deine Erschöpfung auszubalancieren. Denn Körper, Geist und Seele wollen harmonisch im EINKLANG schwingen. Das Neue braucht unbedingt freien Raum in dir, um sich auch entfalten zu können. Vertraue! Deine Seele führt dich, kalibriert und stimmt dich neu ein, stets zu deinem Wohle und hin zu mehr Ausgeglichenheit und EinsSein. ️Wenn du lernst, aus einer übergeordneten Perspektive der Ganzheit zu schauen, dann kann es schon passieren, dass dir unbewusste Anteile auf einmal vollkommen klar sind und du eine komplette KEHRWENDUNG in deinem Leben vollziehst und wirklich Alles in deinem Leben auf einmal anders wird. Denn diese Frequenz erinnert dich daran, deine wahren inneren WERTE wieder zu fühlen und jetzt auch im ALLtag wirklich zu leben. Sie formt und transformiert alte Denkstrukturen, um deine eigene SOUVERÄNITÄT zu erkennen und mehr INTEGRITÄT, MUT, INNERE STÄRKE und LIEBE leben zu können. Sie ruft dich auf, zu deiner Bestimmung zu stehen und den Platz im Leben EINZUNEHMEN, auch AUSZUFÜLLEN, für den du gekommen bist. ️Lass deine Kontrolle los, lass das Neue leicht zu dir kommen und empfange es in FREUDE und mit einem OFFENEN HERZEN. Vergib dir selbst für deine frühere Unbewusstheit. ES GIBT KEINE SCHULDIGEN! Denn du und auch jeder Andere hat stets sein Bestes gegeben, dass, was ihm zum jeweiligen Moment möglich gewesen ist. Starte neu durch, doch dieses Mal aus deiner eigenen MITTE heraus und GEMEINSAM mit der Kraft deiner SEELE. ️ ️ ️ ️ Eine dicke HERZUMARMUNG zu euch ️ Eure Monika Eveline ️ Foto gefunden im Kanal t.me/SeelenOdem"
,Eine schöne Vollmondin euch allen 
," Es werde LICHT Was Du in Dir heilst, heilst Du in der Welt. Jeanne Ruland Phantasmio Inspirieren Teilen "
2,#Klassiker
,Uns trennen Welten! 
,SYRER mit MESSER im KINDERGARTEN!
,FURCHTBAR! Ein ZUSAMMENSCHNITT des UNTERGANGS!
,#Hühners Juni
,hierzu
,Tolle Darbietungen! 
,Hallöchen. ️ ️
,Schaff das mal
,#GDISO
3,"》 |RT-NACHRICHTEN, 29.05.2024, mit Vadim Ivanov Aktuelle Ereignisse aus der russischen Perspektive. U.a. mit folgenden Themen: OFFENE KONFRONTATION - immer mehr Länder für ukrainischen Waffeneinsatz in Russland - Selbst Olaf Scholz ändert seine Meinung STAATSRATSSITZUNG - Sitzung des erweiterten Staatsrats im Großen Kremlpalast - Themen: Strategische Lage und konkrete Projekte KRIEG IM NAHEN OSTEN - wieder Tote bei Angriff auf Flüchtlingslager bei Rafah - Israel weist Vorwürfe zurück The Group of the 7 "
,"》 |RT-NACHRICHTEN, 27.05.2024, 18.00 Uhr mit Alex Dzhigirej Aktuelle Ereignisse aus der russischen Perspektive. U.a. mit folgenden Themen: KEINE EINIGKEIT - Stoltenberg gegen Beschränkungen für Waffen der Ukraine - Salvini: ""die NATO kann uns nicht zwingen, in Russland zu töten"" WLADIMIR PUTIN IN USBEKISTAN - 2-tägiger Besuch beendet - zahlreiche Abkommen unterzeichnet KRIEG IM NAHEN OSTEN - Israelische Streitkräfte bombardieren Zeltlager in Sicherheitszone - Zahlreiche Frauen und Kinder getötet BUNGEE-JUMPING IM IRAN - Höchster Sprungplatz der Welt in Teheran - 280 Meter in die Tiefe The Group of the 7 "
,"》 |RT-NACHRICHTEN, 11.05.2024, mit Ulrich Gohlke Aktuelle Ereignisse aus der russischen Perspektive. U.a. mit folgenden Themen: GAZA UNTER BESCHUSS - 40 Tote in Rafah - Israel fordert Bevölkerung auf, die Stadt zu verlassen NATO-TRUPPEN IN DER UKRAINE - Polens Premier Donald Tusk bestätigt die Anwesenheit von NATO-Truppen in der Ukraine - Ungarn warnt vor 3. Weltkrieg UNTER RUSSISCHER KONTROLLE - russische Truppen übernehmen die Kontrolle in fünf Siedlungen im Raum Charkow FREUNDSCHAFT MIT MOLDAWIEN - Orden der Freundschaft für moldawische Abgeordnete Marina Tauber The Group of the 7 "
,"》 |RT-NACHRICHTEN, 23.05.2024, mit Vadim Ivanov Aktuelle Ereignisse aus der russischen Perspektive. U.a. mit folgenden Themen: SPIEGELMAẞNAHMEN - Moskau reagiert auf Beschlagnahmungen in den USA KÖNIG VON BAHREIN IN MOSKAU - Lob für die Einigkeit des Globalen Südens. Barain ist noch echt, Einer von wenigen Königen, der sich behauptet hat, dafür sorgte frei genug zu sein, damit Israel ihn nicht zwingen kann mit zumachen. Es sucht Nähe Schutz und Zusammenarbeit bei Russland und macht sich weiter für Gaza stark.. da reden genau die richtigen beiden wirklich.. gut gemacht Russland hat mich nie enttäuscht. Er macht es genau richtig!!! Wenigstens einer unserer Könige. 75 JAHRE GRUNDGESETZ - am 23. Mai 1949 wurde das Grundgesetz verkündet - ist die Demokratie heute in Gefahr? DER IRAN TRAUERT - im ganzen Land Trauer um Präsident Raisi und seine Begleiter The Group of the 7 "
,"ZU PRO-RUSSISCH - EIN HAUCH VON NORTHSTREAM LIEGT IN DER LUFT SLOWAKEI, HANDLOVA/SKY NEWS 25.05. Ist heute igendwo der Sekt kaltgestellt worden? Der Anschlag auf Premierminister Robert Fico in Handlova dt. Krickerhau trifft einen Politiker mit maximaler Distanz zur Ukraine und den Russlandsanktionen der Europäischen Union. POSITIONEN FICOS Keine Überfremdung durch Massenmigration. Kein WHO-Pakt Kein NATO-Beitritt der Ukraine. Notfalls slowakisches Veto. Keine Waffenlieferungen an das ""Nazi-Regime"" Fico in Kiew. Für ein gutes Verhältnis zu Russland und China und gegen antirussische EU-Sanktionen Robert Fico war bereits zweimal Premier 2006 - 2010, 2026 - 2020 und wieder seit 2023. Seine Partei SMER - ""Richtung - Slowakische Sozialdemokratie"" gehört der Sozialistischen Internationale an, ist also eine Schwesterpartei der SPD. Das heutige Attentat des ""Schriftstellers"" Juray Cintula hätte im Erfolgsfall bestimmten globalistischen Gruppen durchaus ins Konzept gepasst. @RoyalAllemand"
,"》 |RT-NACHRICHTEN, 28.05.2024, 19.00 Uhr mit Alex Dzhigirej Aktuelle Ereignisse aus der russischen Perspektive. U.a. mit folgenden Themen: WERTVOLLE PARTNERSCHAFT - Wladimir Putins Besuch in Usbekistan OFFENE KONFRONTATION - immer mehr europäische Politiker für direkte Angriffe der Ukraine auf Russland KRIEG IM NAHEN OSTEN - Israel setzt Offensive auf Rafah fort - Netanjahu bezeichnet Angriff auf Zeltlager als Fehler The Group of the 7 "
,"》 |RT-NACHRICHTEN, 01.03., 21.00 Uhr mit Dominik Reichert Aktuelle Ereignisse aus der russischen Perspektive. U.a. mit folgenden Themen: GELEAKTE AUFNAHME - Deutsche Offiziere besprechen Zerstörung der Krim-Brücke - Russen hören mit SCHLAG INS GESICHT - Scholz: Briten und Franzosen sind bereits in der Ukraine BLUTIGER KRIEG - Gaza: Massaker an Zivilisten während einer Hilfslieferung führt zu noch mehr Solidarisierung mit Palästinensern. The Group of the 7 "
,"》 |RT-NACHRICHTEN, 22.01., mit Dominik Reichert Aktuelle Ereignisse aus der russischen Perspektive U.a. mit folgenden Themen SITZUNG DES UN-SICHERHEITSRATS - Nach Beschuss von Donezk mit 28 Zivilisten UMSTRITTENEE VORSCHLAG - Pistorius: auch Ausländer sollen in der Bundeswehr dienen - Warnung vor einem Krieg mit Russland KRIEG IM NAHEN OSTEN - Israelischer Vormarsch im südlichen Gazastreifen - Zahl der zivilen Opfer steigt auf 25.000. Da seht ihr mal wie schnell aus ""solidarität"" nun ""pflicht"" wird. Habe es letztes Jahr im Mai gesagt und die meisten fanden es witzig, da sind wir nun, nur knappe 10 Monate später ""ist es eure Pflicht zur Bundeswehr zu gehen und Krieg mit russland zu wollen"" - wie sagt er so schön ""das Gesetz ist da eindeutig.."" kranker scheiss oder? The Group of the 7 "
,"》 |RT-NACHRICHTEN, 29.01., mit Dominik Reichert Aktuelle Ereignisse aus der russischen Perspektive U.a. mit folgenden Themen: AKP-ABLEGER IN DEUTSCHLAND - Erdogan baut Einfluss aus KAMPAGNE GEGEN RECHTS - Demos gegen die AfD gehen weiter - Grüne provozieren Hitlergruß-Skandal BLUTIGER KONFLIKT - Humanitäre Krise in Gaza - israelische Demonstranten gegen Hilfslieferungen The Group of the 7 "
,"》 |RT-NACHRICHTEN, 03.04.2024, mit Vadim Ivanov Aktuelle Ereignisse aus der russischen Perspektive. U.a. mit folgenden Themen: WER TRÄGT DIE SCHULD? - Crocus-City-Hall: Russland verdächtigt Ukraine und USA ERDBEBEN VOR TAIWAN - schwerstes Beben seit 25 Jahren HUMANITÄRE HELFER GETÖTET - Israels Armee: ""Angriff war schwerer Fehler"" - World Central Kitchen: Israel über Bewegungen der Helfer informiert nur weil man es beweisen konnte REFORM DER SCHULDENBREMSE - Lindner: erst nach der Wahl 2025 The Group of the 7 "
4,#MutterNatur #Frequenzen Gesund ohne Rezept Mehr Hier 
, Hier könnt ihr mehr über den gesunden #Zahnwurz nachlesen.
,Zwiebel... ein Naturwunder! Gerne teilen! Folge hier deinem Weg der natürlichen Gesundheit ‍ 
," Die geheimnisvollen Superkräfte von Kräutern! Du erfährst in diesem Video kompakt zusammengefasst Kräuterwissen für den täglichen Gebrauch. Ich zeige dir, wie 13 Kräuter wirken und wie du im Alltag profitieren kannst: Petersilie Minze Bohnenkraut Dill Estragon Brennessel Basilikum Majoran Schnittlauch Spitzwegerich Salbei Zitronengras Zitronenmelisse sie alle wirken positiv auf die Gesundheit Quelle Teilen kann heilen! Folge hier deinem Weg der natürlichen Gesundheit ‍ "
,Ein Esslöffel Essig vor einer Mahlzeit schenkt Gesundheit! ‍ Jetzt beitreten BleibGesund
,Fluoride aus den Körper leiten! Und vieles mehr! Gerne teilen! Folge hier deinem Weg der natürlichen Gesundheit ‍ 
,Der Georg wieder Teilen kann zum Aufwachen beitragen! Folge hier deinem Weg der natürlichen Gesundheit ‍ 
,Los gehts' Teilen macht autark! Folge hier deinem Weg der natürlichen Gesundheit ‍ 
,Betthupferl Teilen macht lustig! Folge hier deinem Weg der natürlichen Gesundheit ‍ 
,Tagesschmunzler Der Flaschengeist Vera F. Birkenbihl Teilen schafft Wissen! Folge hier deinem Weg der natürlichen Gesundheit ‍ 
