,0
0,sei
,liebe
,schön
,menschen
,seelengut
,geht
,wünsche
,gedanken
,heilen
,gerne
1,putin
,russland
,kämpftumeuerland
,ukraine
,menschen
,usa
,enthüllungen
,wissensjäger
,hardyqanon
,sagt
2,ländergruppen
,menschen
,twitter
,bodo
,zusammen
,deutschland
,begegnungsstätte
,aktuelle
,prozent
,de
3,newsdtod
,donald
,globalists
,pundit
,usa
,war
,de
,military
,election
,says
4,ukrainischen
,ukrainische
,ukraine
,ukrainian
,putin
,gibt
,что
,будет
,россии
,за
5,liebe
,je
,bedanken
,met
,wat
,zijn
,kannst
,existiert
,uhr
,risonanza
